{
  "model_id": "00000100_part_4",
  "step_file": "00000100_5ed74bccca6f4e89829bcb5e_step_000.step",
  "shape_type": "Solid",
  "n_faces": 8,
  "n_edges": 41,
  "n_vertices": 82,
  "surface_types": {
    "BSpline": 1,
    "Cylinder": 4,
    "Plane": 2,
    "Sphere": 1
  },
  "surface_areas_by_type": {
    "BSpline": 575.5730802969165,
    "Cylinder": 197.40870983344837,
    "Plane": 938.993038653047,
    "Sphere": 5.761197369005783
  },
  "total_surface_area": 1717.7360261524175,
  "curve_types": {
    "Circle": 22,
    "BSpline": 14,
    "Line": 4,
    "Other": 1
  },
  "bounding_box": {
    "xmin": -12.70002928748726,
    "xmax": 12.70002928748726,
    "ymin": -4.190793276532343,
    "ymax": 4.1401331150628895,
    "zmin": -12.70002928748726,
    "zmax": 42.99734942501436
  },
  "bounding_box_extents": [
    25.40005857497452,
    8.330926391595233,
    55.697378712501624
  ],
  "face_types": [
    "BSpline",
    "Cylinder",
    "Plane",
    "Plane",
    "Cylinder",
    "Sphere",
    "Cylinder",
    "Cylinder"
  ],
  "n_sampled_points": 24459,
  "n_clusters": 8
}