{
  "model_id": "00000100_part_5",
  "step_file": "00000100_5ed74bccca6f4e89829bcb5e_step_000.step",
  "shape_type": "Solid",
  "n_faces": 7,
  "n_edges": 22,
  "n_vertices": 44,
  "surface_types": {
    "Cylinder": 3,
    "Sphere": 1,
    "Plane": 3
  },
  "surface_areas_by_type": {
    "Cylinder": 195.89439853773624,
    "Sphere": 126.66944733783863,
    "Plane": 95.00765184596297
  },
  "total_surface_area": 417.57149772153787,
  "curve_types": {
    "Circle": 16,
    "BSpline": 6
  },
  "bounding_box": {
    "xmin": -5.514983736379647,
    "xmax": 5.514983736379647,
    "ymin": -6.3500001,
    "ymax": 1.9050001002025627,
    "zmin": -5.499261410523389,
    "zmax": 5.517457690257965
  },
  "bounding_box_extents": [
    11.029967472759294,
    8.255000200202563,
    11.016719100781355
  ],
  "face_types": [
    "Cylinder",
    "Sphere",
    "Plane",
    "Plane",
    "Cylinder",
    "Cylinder",
    "Plane"
  ],
  "n_sampled_points": 21000,
  "n_clusters": 7
}