{
  "model_id": "00000007",
  "step_file": "00000007_b33a147f86da49879455d286_step_000.step",
  "shape_type": "Solid",
  "n_faces": 3,
  "n_edges": 6,
  "n_vertices": 12,
  "surface_types": {
    "Plane": 2,
    "Cylinder": 1
  },
  "surface_areas_by_type": {
    "Plane": 52086.55057524791,
    "Cylinder": 14530.697089091958
  },
  "total_surface_area": 66617.24766433987,
  "curve_types": {
    "Circle": 4,
    "BSpline": 2
  },
  "bounding_box": {
    "xmin": -91.04851459999999,
    "xmax": 91.04851459999999,
    "ymin": -91.04851459999999,
    "ymax": 91.04851459999999,
    "zmin": -1.0000001065814103e-07,
    "zmax": 25.4000001
  },
  "bounding_box_extents": [
    182.09702919999998,
    182.09702919999998,
    25.40000020000001
  ],
  "face_types": [
    "Plane",
    "Plane",
    "Cylinder"
  ],
  "n_sampled_points": 15109,
  "n_clusters": 3
}