{
  "model_id": "00000077",
  "step_file": "00000077_767e4372b5f94a88a7a17d90_step_018.step",
  "shape_type": "Solid",
  "n_faces": 16,
  "n_edges": 76,
  "n_vertices": 152,
  "surface_types": {
    "Cone": 1,
    "Plane": 14,
    "Cylinder": 1
  },
  "surface_areas_by_type": {
    "Cone": 11.823777720081372,
    "Plane": 649.5126092229665,
    "Cylinder": 82.79600208453114
  },
  "total_surface_area": 744.1323890275789,
  "curve_types": {
    "Circle": 8,
    "BSpline": 4,
    "Line": 64
  },
  "bounding_box": {
    "xmin": -5.0800001,
    "xmax": 5.080000100000001,
    "ymin": -9.017000100000002,
    "ymax": 2.413000100001621,
    "zmin": -11.430000099999999,
    "zmax": 6.0960001
  },
  "bounding_box_extents": [
    10.160000200000002,
    11.430000200001624,
    17.5260002
  ],
  "face_types": [
    "Cone",
    "Plane",
    "Plane",
    "Cylinder",
    "Plane",
    "Plane",
    "Plane",
    "Plane",
    "Plane",
    "Plane",
    "Plane",
    "Plane",
    "Plane",
    "Plane",
    "Plane",
    "Plane"
  ],
  "n_sampled_points": 11202,
  "n_clusters": 16
}