{
  "model_id": "00000949",
  "step_file": "00000949_f297a24e1a4446cf9d74efd9_step_008.step",
  "shape_type": "Solid",
  "n_faces": 6,
  "n_edges": 24,
  "n_vertices": 48,
  "surface_types": {
    "Plane": 5,
    "Cylinder": 1
  },
  "surface_areas_by_type": {
    "Plane": 4223.212820379761,
    "Cylinder": 2475.6597969574223
  },
  "total_surface_area": 6698.872617337183,
  "curve_types": {
    "Line": 20,
    "Circle": 4
  },
  "bounding_box": {
    "xmin": -1e-07,
    "xmax": 10.0000001,
    "ymin": -20.000000111181283,
    "ymax": 1.1118128167831855e-07,
    "zmin": -1e-07,
    "zmax": 100.0000001
  },
  "bounding_box_extents": [
    10.000000199999999,
    20.000000222362566,
    100.00000019999999
  ],
  "face_types": [
    "Plane",
    "Plane",
    "Plane",
    "Plane",
    "Plane",
    "Cylinder"
  ],
  "n_sampled_points": 10086,
  "n_clusters": 6
}