{
  "model_id": "00000073_part_0",
  "step_file": "00000073_767e4372b5f94a88a7a17d90_step_014.step",
  "shape_type": "Solid",
  "n_faces": 10,
  "n_edges": 48,
  "n_vertices": 96,
  "surface_types": {
    "Plane": 10
  },
  "surface_areas_by_type": {
    "Plane": 382741.17000000016
  },
  "total_surface_area": 382741.17000000016,
  "curve_types": {
    "Line": 48
  },
  "bounding_box": {
    "xmin": -725.4875000999999,
    "xmax": 725.4875000999999,
    "ymin": -409.57500010000007,
    "ymax": 149.22500010000016,
    "zmin": -660.4000000999999,
    "zmax": -622.2999999
  },
  "bounding_box_extents": [
    1450.9750001999998,
    558.8000002000002,
    38.100000199999954
  ],
  "face_types": [
    "Plane",
    "Plane",
    "Plane",
    "Plane",
    "Plane",
    "Plane",
    "Plane",
    "Plane",
    "Plane",
    "Plane"
  ],
  "n_sampled_points": 32936,
  "n_clusters": 10
}