{
  "model_id": "00000073_part_1",
  "step_file": "00000073_767e4372b5f94a88a7a17d90_step_014.step",
  "shape_type": "Solid",
  "n_faces": 17,
  "n_edges": 90,
  "n_vertices": 180,
  "surface_types": {
    "Plane": 16,
    "Cylinder": 1
  },
  "surface_areas_by_type": {
    "Plane": 5355881.737458303,
    "Cylinder": 60931.57436148149
  },
  "total_surface_area": 5416813.311819784,
  "curve_types": {
    "Line": 86,
    "Circle": 4
  },
  "bounding_box": {
    "xmin": -763.5875001001419,
    "xmax": 763.5875001001979,
    "ymin": -409.57500010000007,
    "ymax": 409.57500010000007,
    "zmin": -660.4000000999999,
    "zmax": 12.700000099999999
  },
  "bounding_box_extents": [
    1527.1750002003398,
    819.1500002000001,
    673.1000002
  ],
  "face_types": [
    "Plane",
    "Plane",
    "Plane",
    "Plane",
    "Plane",
    "Plane",
    "Plane",
    "Plane",
    "Plane",
    "Cylinder",
    "Plane",
    "Plane",
    "Plane",
    "Plane",
    "Plane",
    "Plane",
    "Plane"
  ],
  "n_sampled_points": 51000,
  "n_clusters": 17
}