{
  "model_id": "00000200_part_1",
  "step_file": "00000200_826494e894454504b0971fd1_step_003.step",
  "shape_type": "Solid",
  "n_faces": 29,
  "n_edges": 132,
  "n_vertices": 264,
  "surface_types": {
    "BSpline": 12,
    "Cylinder": 11,
    "Torus": 6
  },
  "surface_areas_by_type": {
    "BSpline": 5547.171501796939,
    "Cylinder": 6873.140777460951,
    "Torus": 630.9777107624922
  },
  "total_surface_area": 13051.289990020383,
  "curve_types": {
    "BSpline": 74,
    "Circle": 58
  },
  "bounding_box": {
    "xmin": -55.6663048214372,
    "xmax": 55.6663048214372,
    "ymin": -83.88321573026799,
    "ymax": 5.000000099999981,
    "zmin": -5.1591717207242205,
    "zmax": 178.11794160219296
  },
  "bounding_box_extents": [
    111.3326096428744,
    88.88321583026797,
    183.2771133229172
  ],
  "face_types": [
    "BSpline",
    "Cylinder",
    "Torus",
    "BSpline",
    "Cylinder",
    "Cylinder",
    "Torus",
    "BSpline",
    "Cylinder",
    "Torus",
    "Cylinder",
    "BSpline",
    "BSpline",
    "BSpline",
    "BSpline",
    "BSpline",
    "Cylinder",
    "BSpline",
    "Cylinder",
    "Torus",
    "Cylinder",
    "BSpline",
    "BSpline",
    "BSpline",
    "Torus",
    "Cylinder",
    "Torus",
    "Cylinder",
    "Cylinder"
  ],
  "n_sampled_points": 87000,
  "n_clusters": 29
}