{
  "model_id": "00000019_part_14",
  "step_file": "00000019_e8e79d1385fd4c78be414f6c_step_002.step",
  "shape_type": "Solid",
  "n_faces": 10,
  "n_edges": 48,
  "n_vertices": 96,
  "surface_types": {
    "Plane": 10
  },
  "surface_areas_by_type": {
    "Plane": 6411.578002267008
  },
  "total_surface_area": 6411.578002267008,
  "curve_types": {
    "Line": 48
  },
  "bounding_box": {
    "xmin": -38.1000001,
    "xmax": -12.6999999,
    "ymin": -25.4000001,
    "ymax": 1e-07,
    "zmin": -1e-07,
    "zmax": 50.80000010000005
  },
  "bounding_box_extents": [
    25.4000002,
    25.4000002,
    50.80000020000005
  ],
  "face_types": [
    "Plane",
    "Plane",
    "Plane",
    "Plane",
    "Plane",
    "Plane",
    "Plane",
    "Plane",
    "Plane",
    "Plane"
  ],
  "n_sampled_points": 35000,
  "n_clusters": 10
}