{
  "model_id": "00000019_part_1",
  "step_file": "00000019_e8e79d1385fd4c78be414f6c_step_002.step",
  "shape_type": "Solid",
  "n_faces": 10,
  "n_edges": 48,
  "n_vertices": 96,
  "surface_types": {
    "Plane": 9,
    "Cylinder": 1
  },
  "surface_areas_by_type": {
    "Plane": 6968.836168291215,
    "Cylinder": 776.6781024905213
  },
  "total_surface_area": 7745.514270781736,
  "curve_types": {
    "Line": 44,
    "Circle": 4
  },
  "bounding_box": {
    "xmin": -46.2632907913757,
    "xmax": -12.699999871546398,
    "ymin": 12.6999999,
    "ymax": 38.10000010000001,
    "zmin": -1e-07,
    "zmax": 70.07408152089846
  },
  "bounding_box_extents": [
    33.563290919829306,
    25.400000200000008,
    70.07408162089845
  ],
  "face_types": [
    "Plane",
    "Plane",
    "Plane",
    "Plane",
    "Plane",
    "Plane",
    "Cylinder",
    "Plane",
    "Plane",
    "Plane"
  ],
  "n_sampled_points": 35000,
  "n_clusters": 10
}