{
  "model_id": "00000019_part_2",
  "step_file": "00000019_e8e79d1385fd4c78be414f6c_step_002.step",
  "shape_type": "Solid",
  "n_faces": 11,
  "n_edges": 54,
  "n_vertices": 108,
  "surface_types": {
    "Plane": 7,
    "Cylinder": 4
  },
  "surface_areas_by_type": {
    "Plane": 5817.9395224185155,
    "Cylinder": 1473.7409817816795
  },
  "total_surface_area": 7291.680504200195,
  "curve_types": {
    "Line": 38,
    "Circle": 16
  },
  "bounding_box": {
    "xmin": -76.2000001,
    "xmax": -50.799999899999996,
    "ymin": 12.6999999,
    "ymax": 38.10000010000001,
    "zmin": -1e-07,
    "zmax": 68.44186050771437
  },
  "bounding_box_extents": [
    25.4000002,
    25.400000200000008,
    68.44186060771436
  ],
  "face_types": [
    "Plane",
    "Cylinder",
    "Plane",
    "Plane",
    "Cylinder",
    "Cylinder",
    "Cylinder",
    "Plane",
    "Plane",
    "Plane",
    "Plane"
  ],
  "n_sampled_points": 38000,
  "n_clusters": 11
}