{
  "model_id": "00000019_part_4",
  "step_file": "00000019_e8e79d1385fd4c78be414f6c_step_002.step",
  "shape_type": "Solid",
  "n_faces": 13,
  "n_edges": 66,
  "n_vertices": 132,
  "surface_types": {
    "Plane": 11,
    "Cylinder": 2
  },
  "surface_areas_by_type": {
    "Plane": 7657.983305638547,
    "Cylinder": 946.5304802820767
  },
  "total_surface_area": 8604.513785920624,
  "curve_types": {
    "Line": 58,
    "Circle": 8
  },
  "bounding_box": {
    "xmin": -155.19182394014098,
    "xmax": -124.20817605985901,
    "ymin": 12.6999999,
    "ymax": 38.10000010000001,
    "zmin": -1e-07,
    "zmax": 68.12935334621278
  },
  "bounding_box_extents": [
    30.983647880281964,
    25.400000200000008,
    68.12935344621278
  ],
  "face_types": [
    "Plane",
    "Plane",
    "Plane",
    "Plane",
    "Plane",
    "Plane",
    "Cylinder",
    "Cylinder",
    "Plane",
    "Plane",
    "Plane",
    "Plane",
    "Plane"
  ],
  "n_sampled_points": 39999,
  "n_clusters": 13
}