{
  "model_id": "00000019_part_5",
  "step_file": "00000019_e8e79d1385fd4c78be414f6c_step_002.step",
  "shape_type": "Solid",
  "n_faces": 11,
  "n_edges": 54,
  "n_vertices": 108,
  "surface_types": {
    "Plane": 7,
    "Cylinder": 4
  },
  "surface_areas_by_type": {
    "Plane": 5817.939522418482,
    "Cylinder": 1473.7409817816906
  },
  "total_surface_area": 7291.680504200172,
  "curve_types": {
    "Line": 38,
    "Circle": 16
  },
  "bounding_box": {
    "xmin": -190.50000010000008,
    "xmax": -165.09999989999991,
    "ymin": 12.699999899999996,
    "ymax": 38.10000010000001,
    "zmin": -1e-07,
    "zmax": 68.44186050771441
  },
  "bounding_box_extents": [
    25.400000200000164,
    25.400000200000015,
    68.4418606077144
  ],
  "face_types": [
    "Plane",
    "Plane",
    "Plane",
    "Cylinder",
    "Cylinder",
    "Cylinder",
    "Cylinder",
    "Plane",
    "Plane",
    "Plane",
    "Plane"
  ],
  "n_sampled_points": 38000,
  "n_clusters": 11
}