{
  "model_id": "00000006_part_0",
  "step_file": "00000006_d4fe04f0f5f84b52bd4f10e4_step_001.step",
  "shape_type": "Solid",
  "n_faces": 15,
  "n_edges": 66,
  "n_vertices": 132,
  "surface_types": {
    "Plane": 8,
    "Cone": 6,
    "Cylinder": 1
  },
  "surface_areas_by_type": {
    "Plane": 51.629696943702086,
    "Cone": 2.5862839384688456,
    "Cylinder": 12.54101010766307
  },
  "total_surface_area": 66.75699098983401,
  "curve_types": {
    "BSpline": 26,
    "Line": 24,
    "Circle": 16
  },
  "bounding_box": {
    "xmin": -2.749695615793593,
    "xmax": 2.749695615793593,
    "ymin": -2.7496956157935903,
    "ymax": 2.7496956157935903,
    "zmin": -6.495877706053732e-05,
    "zmax": 1.587566021523903
  },
  "bounding_box_extents": [
    5.499391231587186,
    5.499391231587181,
    1.5876309803009634
  ],
  "face_types": [
    "Plane",
    "Plane",
    "Plane",
    "Cone",
    "Cone",
    "Cone",
    "Cone",
    "Plane",
    "Plane",
    "Plane",
    "Cylinder",
    "Plane",
    "Plane",
    "Cone",
    "Cone"
  ],
  "n_sampled_points": 45998,
  "n_clusters": 15
}